protein_sequence,mrna_sequence,protein_length,mrna_length,info
MINTQDSSILPLSNCPQLQCCRHIVPGPLWCS*,AUGAUAAACACCCAGGACAGUAGUAUUUUGCCUUUGAGUAACUGUCCCCAGCUCCAGUGCUGCAGGCACAUUGUUCCAGGGCCUCUGUGGUGCUCCUAA,32,96,"NM_002537 Homo sapiens ornithine decarboxylase antizyme 2 (OAZ2), transcript variant 1, mRNA"
MLQFLLGFTLGNVVGMYLAQNYDIPNLAKKLEEIKKDLDAKKKPPSA*,AUGCUCCAGUUCCUGCUUGGAUUUACACUGGGCAACGUGGUUGGAAUGUAUCUGGCUCAGAACUAUGAUAUACCAAACCUGGCUAAAAAACUUGAAGAAAUUAAAAAGGACUUGGAUGCCAAGAAGAAACCCCCUAGUGCAUGA,48,144,"NM_001130929 Homo sapiens short transmembrane mitochondrial protein 1 (STMP1), mRNA"
MFRIEGLAPKLDPEEMKRKMREDVISSIRNFLIYVALLRVTPFILKKLDSI*,AUGUUCCGGAUUGAGGGCCUCGCGCCGAAGCUGGACCCGGAGGAGAUGAAACGGAAGAUGCGCGAGGAUGUGAUCUCCUCCAUACGGAACUUUCUCAUCUACGUGGCCCUCCUGCGAGUCACUCCAUUUAUCUUAAAGAAAUUGGACAGCAUAUGA,52,156,"NM_001001790 Homo sapiens translocase of outer mitochondrial membrane 5 (TOMM5), transcript variant 1, mRNA"
MVKLSKEAKQRLQQLFKGSQFAIRWGFIPLVIYLGFKRGADPGMPEPTVLSLLWG*,AUGGUGAAGCUGAGCAAAGAGGCCAAGCAGAGACUACAGCAGCUCUUCAAGGGGAGCCAGUUUGCCAUUCGCUGGGGCUUUAUCCCUCUUGUGAUUUACCUGGGAUUUAAGAGGGGUGCAGAUCCCGGAAUGCCUGAACCAACUGUUUUGAGCCUACUUUGGGGAUAA,56,168,"NM_019059 Homo sapiens translocase of outer mitochondrial membrane 7 (TOMM7), mRNA"
MVTRFLGPRYRELVKNWVPTAYTWGAVGAVGLVWATDWRLILDWVPYINGKFKKDN*,AUGGUGACCCGGUUCCUGGGCCCACGCUACCGGGAGCUGGUCAAGAACUGGGUCCCGACGGCCUACACAUGGGGCGCUGUGGGCGCCGUGGGGCUGGUGUGGGCCACCGAUUGGCGGCUGAUCCUGGACUGGGUACCUUACAUCAAUGGCAAGUUUAAGAAGGAUAAUUAA,57,171,"NM_006830 Homo sapiens ubiquinol-cytochrome c reductase, complex III subunit XI (UQCR11), mRNA"
MKPAVDEMFPEGAGPYVDLDEAGGSTGLLMDLAANEKAVHADFFNDFEDLFDDDDIQ*,AUGAAGCCGGCGGUGGACGAGAUGUUCCCCGAGGGCGCCGGGCCCUACGUGGACCUGGACGAGGCGGGAGGCAGCACCGGGCUCUUGAUGGACUUGGCAGCCAAUGAAAAGGCCGUUCAUGCAGACUUUUUUAACGAUUUUGAAGAUCUUUUUGAUGAUGAUGACAUCCAGUGA,58,174,"NM_001163424 Homo sapiens COP9 signalosome subunit 9 (COPS9), transcript variant 2, mRNA"
MPTGKQLADIGYKTFSTSMMLLTVYGGYLCSVRVYHYFQWRRAQRQAAEEQKTSGIM*,AUGCCAACUGGCAAGCAGCUAGCUGACAUUGGCUAUAAGACCUUCUCUACCUCCAUGAUGCUUCUCACUGUGUAUGGGGGGUACCUCUGCAGUGUCCGAGUCUACCACUAUUUCCAGUGGCGCAGGGCCCAGCGCCAGGCCGCAGAAGAACAGAAGACCUCAGGAAUCAUGUAG,58,174,"NM_032901 Homo sapiens cytochrome c oxidase assembly factor COX14 (COX14), transcript variant 1, mRNA"
MNWKVLEHVPLLLYILAAKTLILCLTFAGVKMYQRKRLEAKQQKLEAERKKQSEKKDN*,AUGAAUUGGAAGGUUCUUGAGCACGUGCCCCUGCUGCUGUAUAUCUUGGCAGCAAAAACAUUAAUUCUCUGCCUGACAUUUGCUGGGGUGAAAAUGUAUCAAAGAAAAAGGUUGGAGGCAAAACAACAAAAACUGGAGGCUGAAAGGAAGAAGCAAUCAGAGAAAAAAGAUAACUGA,59,177,"NM_058182 Homo sapiens small integral membrane protein 11A (SMIM11A), mRNA"
MDTQKDVQPPKQQPMIYICGECHTENEIKSRDPIRCRECGYRIMYKKRTKRLVVFDAR*,AUGGACACCCAGAAGGACGUUCAACCUCCAAAGCAGCAACCAAUGAUAUAUAUCUGUGGAGAGUGUCACACAGAAAAUGAAAUAAAAUCUAGGGAUCCAAUCAGAUGCAGAGAAUGUGGAUACAGAAUAAUGUACAAGAAAAGGACUAAAAGAUUGGUCGUUUUUGAUGCUCGAUGA,59,177,"NM_005034 Homo sapiens RNA polymerase II subunit K (POLR2K), mRNA"
MLQSIIKNIWIPMKPYYTKVYQEIWIGMGLMGFIVYKIRAADKRSKALKASAPAPGHH*,AUGCUUCAAAGUAUUAUUAAAAACAUAUGGAUCCCCAUGAAGCCCUACUACACCAAAGUUUACCAGGAGAUUUGGAUAGGAAUGGGGCUGAUGGGCUUCAUCGUUUAUAAAAUCCGGGCUGCUGAUAAAAGAAGUAAGGCUUUGAAAGCUUCAGCGCCUGCUCCUGGUCAUCACUAA,59,177,"NM_004894 Homo sapiens ATP synthase membrane subunit 6.8PL (ATP5MPL), transcript variant 1, mRNA"
IKSVISYALYQVQTGSLPVYSSVLTKSPLQLQTVIYRLIVQIQHLNIPSSSSTHSSPF*,AUUAAAUCAGUCAUUUCAUAUGCACUAUAUCAAGUACAAACAGGUAGUUUACCUGUUUAUAGUAGUGUACUAACAAAGUCUCCCUUGCAGCUUCAGACUGUUAUCUAUAGGCUUAUCGUUCAAAUACAGCACUUGAAUAUCCCAAGUAGUUCUUCUACGCAUAGCUCACCUUUCUAA,59,177,"NM_001128619 Homo sapiens leucine zipper protein 6 (LUZP6), mRNA"
MGFPEAASSFRTHQIEAVPTSSASDGFKANLVFKEIEKKLEEIRRLTAQSQWLTQTSWL*,AUGGGUUUUCCGGAAGCCGCCAGUUCUUUUAGAACUCAUCAAAUUGAAGCUGUUCCAACCAGCUCUGCAAGUGAUGGAUUUAAGGCAAAUCUUGUUUUUAAGGAGAUUGAGAAGAAACUUGAAGAGAUAAGAAGGCUGACUGCACAAUCACAAUGGCUGACUCAGACUUCCUGGCUUUAA,60,180,"NM_001007250 Homo sapiens sterol carrier protein 2 (SCP2), transcript variant 5, mRNA"
MTRGNQRELARQKNMKKQSDSVKGKRRDDGLSAAARKQRDSEIMQQKQKKANEKKEEPK*,AUGACCCGCGGUAACCAGCGUGAGCUCGCCCGCCAGAAGAAUAUGAAAAAGCAGAGCGACUCGGUUAAGGGAAAGCGCCGAGAUGACGGGCUUUCUGCUGCCGCCCGCAAGCAGAGGGACUCGGAGAUCAUGCAGCAGAAGCAGAAAAAGGCAAACGAGAAGAAGGAGGAACCCAAGUAG,60,180,"NM_001018108 Homo sapiens small EDRK-rich factor 2 (SERF2), transcript variant 3, mRNA"
MAAATLTSKLYSLLFRRTSTFALTIIVGVMFFERAFDQGADAIYDHINEGKLWKHIKHKYENK*,AUGGCGGCCGCGACGUUGACUUCGAAAUUGUACUCCCUGCUGUUCCGCAGGACCUCCACCUUCGCCCUCACCAUCAUCGUGGGCGUCAUGUUCUUCGAGCGCGCCUUCGAUCAAGGCGCGGACGCUAUCUACGACCACAUCAACGAGGGGAAGCUGUGGAAACACAUCAAGCACAAGUAUGAGAACAAGUAG,64,192,"NM_013387 Homo sapiens ubiquinol-cytochrome c reductase, complex III subunit X (UQCR10), transcript variant 1, mRNA"
MTRIKISVCICFRYFEFCFFYALNILFQKVSEANSQTELLLRPHCKNILFNVSFMIDLQAAHF*,AUGACUAGGAUAAAAAUAUCAGUAUGUAUCUGUUUUAGAUAUUUUGAGUUUUGCUUUUUUUAUGCCUUGAAUAUUUUAUUUCAAAAAGUAUCUGAAGCAAAUUCUCAGACUGAACUACUUCUUAGACCUCACUGUAAGAAUAUUUUAUUCAAUGUCUCAUUUAUGAUAGAUUUGCAAGCUGCUCAUUUUUGA,64,192,"NM_006542 Homo sapiens S-phase response (cyclin related) (SPHAR), mRNA"
MTRRCMPARPGFPSSPAPGSSPPRCHLRPGSTAHAAAGKRTESPGDRYRAEGLRRGRVAGARV*,AUGACAAGGCGCUGCAUGCCCGCUAGGCCAGGUUUCCCCUCAUCCCCAGCCCCGGGGUCGUCGCCCCCGCGCUGCCAUCUGAGACCCGGUAGUACCGCCCAUGCUGCAGCGGGAAAGAGAACAGAGAGUCCUGGGGACAGGUACCGUGCAGAGGGCUUGAGAAGGGGCCGGGUCGCGGGGGCAAGGGUAUGA,64,192,"NM_001243770 Homo sapiens SMC5-SMC6 complex localization factor 2 (SLF2), transcript variant 3, mRNA"
MLGQSIRRFTTSVVRRSHYEEGPGKNLPFSVENKWSLLAKMCLYFGSAFATPFLVVRHQLLKT*,AUGUUGGGCCAGAGCAUCCGGAGGUUCACAACCUCUGUGGUCCGUAGGAGCCACUAUGAGGAGGGCCCUGGGAAGAAUUUGCCAUUUUCAGUGGAAAACAAGUGGUCGUUACUAGCUAAGAUGUGUUUGUACUUUGGAUCUGCAUUUGCUACACCCUUCCUUGUAGUAAGACACCAACUGCUUAAAACAUAA,64,192,"NM_001867 Homo sapiens cytochrome c oxidase subunit 7C (COX7C), mRNA"
MFLQYYLNEQGDRVYTLKKFDPMGQQTCSAHPARFSPDDKYSRHRITIKKRFKVLMTQQPRPVL*,AUGUUUCUCCAGUAUUACCUCAACGAGCAGGGAGAUCGAGUCUAUACGCUGAAGAAAUUUGACCCGAUGGGACAACAGACCUGCUCAGCCCAUCCUGCUCGGUUCUCCCCAGAUGACAAAUACUCUCGACACCGAAUCACCAUCAAGAAACGCUUCAAGGUGCUCAUGACCCAGCAACCGCGCCCUGUCCUCUGA,65,195,"NM_018648 Homo sapiens NOP10 ribonucleoprotein (NOP10), mRNA"
MFLSAVFFAKSKSKNILVRMVSEAGTGFCFNTKRNRLREKLTLLHYDPVVKQRVLFVEKKKIRSL*,AUGUUCCUCUCCGCGGUCUUCUUUGCCAAGAGCAAGUCAAAAAACAUUCUGGUGAGAAUGGUGAGCGAAGCUGGGACAGGUUUCUGCUUCAACACCAAGAGAAACCGACUGCGGGAAAAACUGACUCUUUUGCAUUAUGAUCCAGUUGUGAAACAAAGAGUCCUCUUCGUGGAAAAGAAAAAAAUACGCUCCCUUUAA,66,198,"NM_004891 Homo sapiens mitochondrial ribosomal protein L33 (MRPL33), transcript variant 1, mRNA"
MEVDAPGVDGRDGLRERRGFSEGGRQNFDVRPQSGANGLPKHSYWLDLWLFILFDVVVFLFVYFLP*,AUGGAGGUGGACGCACCGGGUGUUGAUGGUCGAGAUGGUCUCCGGGAGCGGCGAGGCUUUAGCGAGGGAGGGAGGCAGAACUUCGAUGUGAGGCCUCAGUCUGGGGCAAAUGGGCUUCCCAAACACUCCUACUGGUUGGACCUCUGGCUUUUCAUCCUUUUCGAUGUGGUGGUGUUUCUCUUUGUGUAUUUUUUGCCAUGA,67,201,"NM_001001701 Homo sapiens chromosome 4 open reading frame 3 (C4orf3), transcript variant 2, mRNA"
MDPPARKEKTKVKESVSRVEKAKQKSAQQELKQRQRAEIYALNRVMTELEQQQFDEFCKQMQPPGE*,AUGGAUCCACCUGCACGUAAAGAAAAAACCAAAGUUAAAGAAUCUGUCAGCAGAGUUGAGAAGGCCAAACAGAAAUCAGCCCAGCAGGAGCUGAAGCAGAGACAAAGAGCAGAGAUCUAUGCCCUCAACAGAGUCAUGACAGAACUGGAGCAGCAGCAGUUUGAUGAGUUCUGUAAACAGAUGCAGCCUCCUGGAGAAUGA,67,201,"NM_199342 Homo sapiens small vasohibin binding protein (SVBP), mRNA"
MSRNLRTALIFGGFISLIGAAFYPIYFRPLMRLEEYKKEQAINRAGIVQEDVQPPGLKVWSDPFGRK*,AUGUCCCGGAACCUGCGCACCGCGCUCAUUUUCGGCGGCUUCAUCUCCCUGAUCGGCGCCGCCUUCUAUCCCAUCUACUUCCGGCCCCUAAUGAGAUUGGAGGAGUACAAGAAGGAACAAGCUAUAAAUCGGGCUGGAAUUGUUCAAGAGGAUGUGCAGCCACCAGGGUUAAAAGUGUGGUCUGAUCCAUUUGGCAGGAAAUGA,68,204,"NM_001145432 Homo sapiens small integral membrane protein 20 (SMIM20), mRNA"
MIIPVRCFTCGKIVGNKWEAYLGLLQAEYTEGDALDALGLKRYCCRRMLLAHVDLIEKLLNYAPLEK*,AUGAUCAUCCCUGUACGCUGCUUCACUUGUGGCAAGAUCGUCGGCAACAAGUGGGAGGCUUACCUGGGGCUGCUGCAGGCCGAGUACACCGAGGGGGAUGCGCUGGAUGCCCUGGGCCUGAAGCGCUACUGCUGCCGCCGGAUGCUGCUGGCCCACGUGGACCUGAUCGAGAAGCUGCUCAAUUAUGCACCCCUGGAGAAGUGA,68,204,"NM_021128 Homo sapiens RNA polymerase II subunit L (POLR2L), mRNA"
MVKSSLQRILNSHCFAREKEGDKPSATIHASRTMPLLSLHSRGGSSSESSRVSLHCCSNPGPGPRWCS,AUGGUGAAAUCCUCCCUGCAGCGGAUCCUCAAUAGCCACUGCUUCGCCAGAGAGAAGGAAGGGGAUAAACCCAGCGCCACCAUCCACGCCAGCCGCACCAUGCCGCUCCUAAGCCUGCACAGCCGCGGCGGCAGCAGCAGUGAGAGUUCCAGGGUCUCCCUCCACUGCUGUAGUAACCCGGGUCCGGGGCCUCGGUGGUGCUCC,68,204,"NM_004152 Homo sapiens ornithine decarboxylase antizyme 1 (OAZ1), transcript variant 1, mRNA"
MDQVMQFVEPSRQFVKDSIRLVKRCTKPDRKEFQKIAMATAIGFAIMGFIGFFVKLIHIPINNIIVGG*,AUGGAUCAGGUAAUGCAGUUUGUUGAGCCAAGUCGGCAGUUUGUAAAGGACUCCAUUCGGCUGGUUAAAAGAUGCACUAAACCUGAUAGAAAAGAAUUCCAGAAGAUUGCCAUGGCAACAGCAAUAGGAUUUGCUAUAAUGGGAUUCAUUGGCUUCUUUGUGAAAUUGAUCCAUAUUCCUAUUAAUAACAUCAUUGUUGGUGGCUGA,69,207,"NM_014302 Homo sapiens SEC61 translocon gamma subunit (SEC61G), transcript variant 1, mRNA"
MPKHEFSVDMTCGGCAEAVSRVLNKLGGVKYDIDLPNKKVCIESEHSMDTLLATLKKTGKTVSYLGLE*,AUGCCGAAGCACGAGUUCUCUGUGGACAUGACCUGUGGAGGCUGUGCUGAAGCUGUCUCUCGGGUCCUCAAUAAGCUUGGAGGAGUUAAGUAUGACAUUGACCUGCCCAACAAGAAGGUCUGCAUUGAAUCUGAGCACAGCAUGGACACUCUGCUUGCAACCCUGAAGAAAACAGGAAAGACUGUUUCCUACCUUGGCCUUGAGUAG,69,207,"NM_004045 Homo sapiens antioxidant 1 copper chaperone (ATOX1), mRNA"
MPQKDPCQKQACEIQKCLQANSYMESKCQAVIQELRKCCAQYPKGRSVVCSGFEKEEEENLTRKSASK*,AUGCCGCAGAAGGAUCCGUGCCAGAAGCAAGCCUGUGAGAUACAGAAAUGUUUACAAGCCAACAGCUACAUGGAAUCAAAGUGUCAGGCUGUCAUCCAAGAACUGCGUAAGUGUUGUGCUCAGUAUCCCAAGGGAAGAUCUGUCGUCUGUUCAGGAUUUGAAAAAGAAGAGGAAGAAAACCUAACACGGAAGUCUGCAUCAAAGUAA,69,207,"NM_001018024 Homo sapiens C-X9-C motif containing 4 (CMC4), mRNA"
MAPAAAPSSLAVRASSPAATPTSYGVFCKGLSRTLLAFFELAWQLRMNFPYFYVAGSVILNIRLQVHI*,AUGGCCCCCGCGGCGGCUCCGUCCUCCUUGGCCGUCAGGGCCUCAAGCCCCGCCGCGACACCCACCUCGUACGGCGUCUUCUGCAAGGGGCUCUCCCGCACCCUGCUCGCCUUCUUCGAGCUGGCCUGGCAGCUGCGCAUGAACUUCCCGUACUUCUACGUCGCGGGCUCGGUGAUCCUCAACAUCCGAUUGCAGGUACAUAUUUAG,69,207,"NM_001271592 Homo sapiens small integral membrane protein 10 like 1 (SMIM10L1), mRNA"
MSVLTPLLLRGLTGSARRLPVPRAKIHSLPPEGKLGIMELAVGLTSCFVTFLLPAGWILSHLETYRRPE*,AUGUCCGUCCUGACGCCGCUGCUGCUGCGGGGCUUGACAGGCUCGGCCCGGCGGCUCCCAGUGCCGCGCGCCAAGAUCCAUUCGUUGCCGCCGGAGGGGAAGCUUGGGAUCAUGGAAUUGGCCGUUGGGCUUACCUCCUGCUUCGUGACCUUCCUCCUGCCAGCGGGCUGGAUCCUGUCACACCUGGAGACCUACAGGAGGCCAGAGUGA,70,210,"NM_004074 Homo sapiens cytochrome c oxidase subunit 8A (COX8A), mRNA"
MAGMALARAWKQMSWFYYQYLLVTALYMLEPWERTVFNSMLVSIVGMALYTGYVFMPQHIMAILHYFEIVQ*,AUGGCGGGGAUGGCGCUGGCGCGGGCCUGGAAGCAGAUGUCCUGGUUCUACUACCAGUACCUGCUGGUCACGGCGCUCUACAUGCUGGAGCCCUGGGAGCGGACGGUGUUCAAUUCCAUGCUGGUUUCCAUUGUGGGGAUGGCACUAUACACAGGAUACGUCUUCAUGCCCCAGCACAUCAUGGCGAUAUUGCACUACUUUGAAAUCGUACAAUGA,72,216,"NM_138288 Homo sapiens serine palmitoyltransferase small subunit A (SPTSSA), mRNA"
MVNVLKGVLIECDPAMKQFLLYLDESNALGKKFIIQDIDDTHVFVIAELVNVLQERVGELMDQNAFSLTQK*,AUGGUCAACGUCUUGAAAGGAGUGCUUAUAGAAUGUGAUCCUGCCAUGAAGCAGUUUCUGCUGUACUUGGAUGAGUCCAAUGCCCUGGGGAAGAAGUUCAUCAUUCAAGACAUUGAUGACACUCACGUCUUUGUAAUAGCAGAAUUGGUUAAUGUCCUCCAGGAGCGAGUGGGUGAAUUAAUGGACCAAAAUGCUUUUUCCCUUACCCAGAAAUGA,72,216,"NM_207118 Homo sapiens general transcription factor IIH subunit 5 (GTF2H5), mRNA"
MFLSLPTLTVLIPLVSLAGLFYSASVEENFPQGCTSTASLCFYSLLLPITIPVYVFFHLWTWMGIKLFRHN*,AUGUUUCUGUCUCUUCCUACGUUGACUGUUCUUAUUCCACUGGUUUCUUUAGCAGGACUGUUCUACUCAGCCUCUGUGGAAGAAAACUUCCCACAGGGCUGCACUAGCACAGCCAGCCUUUGCUUUUACAGCCUGCUCUUGCCUAUUACCAUACCAGUGUAUGUAUUCUUCCACCUUUGGACUUGGAUGGGUAUUAAACUCUUCAGGCAUAAUUGA,72,216,"NM_001042616 Homo sapiens phosphatidylinositol glycan anchor biosynthesis class Y (PIGY), mRNA"
MGVKLEIFRMIIYLTFPVAMFWVSNQAEWFEDDVIQRKRELWPPEKLQEIEEFKERLRKRREEKLLRDAQQNS*,AUGGGGGUGAAGCUGGAGAUAUUUCGGAUGAUAAUCUACCUCACUUUCCCUGUGGCUAUGUUCUGGGUUUCCAAUCAGGCCGAGUGGUUUGAGGACGAUGUCAUACAGCGCAAGAGGGAGCUGUGGCCACCUGAGAAGCUUCAAGAGAUAGAGGAAUUCAAAGAGAGGUUACGGAAGCGGCGGGAGGAGAAGCUCCUUCGCGACGCCCAGCAGAACUCCUGA,74,222,"NM_001171155 Homo sapiens PET100 cytochrome c oxidase chaperone (PET100), transcript variant 1, mRNA"
MIEVVCNDRLGKKVRVKCNTDDTIGDLKKLIAAQTGTRWNKIVLKKWYTIFKDHVSLGDYEIHDGMNLELYYQ*,AUGAUCGAGGUUGUUUGCAACGACCGUCUGGGGAAGAAGGUCCGCGUUAAAUGCAACACGGAUGAUACCAUCGGGGACCUUAAGAAGCUGAUUGCAGCCCAAACUGGUACCCGUUGGAACAAGAUUGUCCUGAAGAAGUGGUACACGAUUUUUAAGGACCACGUGUCUCUGGGGGACUAUGAAAUCCACGAUGGGAUGAACCUGGAGCUUUAUUAUCAAUAG,74,222,"NM_024292 Homo sapiens ubiquitin like 5 (UBL5), transcript variant 1, mRNA"
MASSTVPVSAAGSANETPEIPDNVGDWLRGVYRFATDRNDFRRNLILNLGLFAAGVWLARNLSDIDLMAPQPGV*,AUGGCUUCCAGCACUGUCCCGGUGAGCGCUGCUGGCUCGGCUAAUGAAACUCCCGAAAUACCGGACAACGUGGGAGAUUGGCUUCGGGGCGUCUACCGCUUUGCCACUGAUAGGAAUGACUUCCGGAGGAACUUGAUACUAAAUUUGGGACUCUUUGCUGCGGGAGUUUGGCUGGCCAGGAACUUGAGUGACAUUGACCUCAUGGCACCUCAGCCAGGGGUGUAG,75,225,"NM_001134493 Homo sapiens translocase of outer mitochondrial membrane 6 (TOMM6), mRNA"
MDSEVQRDGRILDLIDDAWREDKLPYEDVAIPLNELPEPEQDNGGTTESVKEQEMKWTDLALQYLHENVPPIGN*,AUGGACAGUGAGGUUCAGAGAGAUGGAAGGAUCUUGGAUUUGAUUGAUGAUGCUUGGCGAGAAGACAAGCUGCCUUAUGAGGAUGUCGCAAUACCACUGAAUGAGCUUCCUGAACCUGAACAAGACAAUGGUGGCACCACAGAAUCUGUCAAAGAACAAGAAAUGAAGUGGACAGACUUAGCCUUACAGUACCUCCAUGAGAAUGUUCCCCCCAUUGGAAACUGA,75,225,"NM_015391 Homo sapiens anaphase promoting complex subunit 13 (ANAPC13), transcript variant 1, mRNA"
MPKYYEDKPQGGACAGLKEDLGACLLQSDCVVQEGKSPRQCLKEGYCNSLKYAFFECKRSVLDNRARFRGRKGY*,AUGCCUAAGUAUUAUGAGGACAAGCCGCAGGGCGGCGCGUGCGCGGGCCUGAAGGAGGACCUGGGCGCGUGUCUGCUGCAGUCGGACUGUGUGGUCCAGGAAGGAAAAUCACCUCGGCAGUGUUUGAAGGAAGGAUACUGCAACUCUUUGAAGUACGCAUUUUUUGAGUGUAAAAGAUCAGUGUUGGAUAACAGGGCAAGAUUCAGAGGAAGAAAAGGAUAUUGA,75,225,"NM_001008215 Homo sapiens cytochrome c oxidase assembly factor 5 (COA5), mRNA"
MTNVYSLDGILVFGLLFVCTCAYFKKVPRLKTWLLSEKKGVWGVFYKAAVIGTRLHAAVAIACVVMAFYVLFIK*,AUGACGAACGUGUACUCCUUGGAUGGGAUUCUGGUGUUUGGUUUGCUCUUUGUUUGCACCUGUGCCUACUUCAAGAAAGUACCUCGUCUCAAAACCUGGCUGCUAUCAGAGAAGAAGGGUGUUUGGGGUGUGUUUUACAAAGCCGCUGUGAUUGGAACCAGGCUGCAUGCUGCUGUGGCAAUUGCUUGUGUUGUAAUGGCCUUUUACGUCCUGUUUAUAAAAUGA,75,225,"NM_020141 Homo sapiens transmembrane protein 167B (TMEM167B), transcript variant 1, mRNA"
MNRLYLTPDGFFFRVHMLALDSSSCNKPCPEFKPGIETDLNDAAYVLYTTVCNVGATARAVGRPAFFWERWETMT*,AUGAACCGCCUGUACCUCACCCCCGACGGCUUCUUCUUCCGAGUCCACAUGUUAGCCCUGGACUCCUCCAGCUGCAAUAAGCCGUGUCCAGAGUUUAAACCUGGUAUUGAAACUGACCUGAAUGACGCUGCAUAUGUACUUUAUACCACCGUUUGUAACGUGGGUGCCACAGCCCGGGCUGUAGGUCGCCCAGCCUUUUUUUGGGAGCGAUGGGAAACAAUGACAUGA,76,228,"NM_181656 Homo sapiens chromosome 17 open reading frame 58 (C17orf58), transcript variant 2, mRNA"
MAGQEDPVQREIHQDWANREYIEIITSSIKKIADFLNSFDMSCRSRLATLNEKLTALERRIEYIEARVTKGETLT*,AUGGCGGGACAGGAGGAUCCGGUGCAGCGGGAGAUUCACCAGGACUGGGCUAACCGGGAGUACAUUGAGAUAAUCACCAGCAGCAUCAAGAAAAUCGCAGACUUUCUCAACUCGUUCGAUAUGUCUUGUCGUUCAAGACUUGCAACACUAAACGAGAAAUUGACAGCCCUUGAACGGAGAAUAGAGUACAUUGAAGCUCGGGUGACAAAAGGUGAGACACUCACCUAG,76,228,"NM_018462 Homo sapiens BRICK1 subunit of SCAR/WAVE actin nucleating complex (BRK1), mRNA"
MAPEVLPKPRMRGLLARRLRNHMAVAFVLSLGVAALYKFRVADQRKKAYADFYRNYDVMKDFEEMRKAGIFQSVK*,AUGGCUCCCGAAGUUUUGCCAAAACCUCGGAUGCGUGGCCUUCUGGCCAGGCGUCUGCGAAAUCAUAUGGCUGUAGCAUUCGUGCUAUCCCUGGGGGUUGCAGCUUUGUAUAAGUUUCGUGUGGCUGAUCAAAGAAAGAAGGCAUACGCAGAUUUCUACAGAAACUACGAUGUCAUGAAAGAUUUUGAGGAGAUGAGGAAGGCUGGUAUCUUUCAGAGUGUAAAGUAA,76,228,"NM_004374 Homo sapiens cytochrome c oxidase subunit 6C (COX6C), mRNA"
MSKAHPPELKKFMDKKLSLKLNGGRHVQGILRGFDPFMNLVIDECVEMATSGQQNNIGMVVIRGNSIIMLEALERV*,AUGAGCAAAGCUCACCCUCCCGAGUUGAAAAAAUUUAUGGACAAGAAGUUAUCAUUGAAAUUAAAUGGUGGCAGACAUGUCCAAGGAAUAUUGCGGGGAUUUGAUCCCUUUAUGAACCUUGUGAUAGAUGAAUGUGUGGAGAUGGCGACUAGUGGACAACAGAACAAUAUUGGAAUGGUGGUAAUACGAGGAAAUAGUAUCAUCAUGUUAGAAGCCUUGGAACGAGUAUAA,77,231,"NM_003096 Homo sapiens small nuclear ribonucleoprotein polypeptide G (SNRPG), transcript variant 1, mRNA"
MAETDPKTVQDLTSVVQTLLQQMQDKFQTMSDQIIGRIDDMSSRIDDLEKNIADLMTQAGVEELESENKIPATQKS*,AUGGCCGAGACUGACCCCAAGACCGUGCAGGACCUCACCUCGGUGGUGCAGACACUCCUGCAGCAGAUGCAAGAUAAAUUUCAGACCAUGUCUGACCAGAUCAUUGGGAGAAUUGAUGAUAUGAGUAGUCGCAUUGAUGAUCUGGAAAAGAAUAUCGCGGACCUCAUGACACAGGCUGGGGUGGAAGAACUGGAAAGUGAAAACAAGAUACCUGCCACGCAAAAGAGUUGA,77,231,"NM_001537 Homo sapiens heat shock factor binding protein 1 (HSBP1), mRNA"
MARGQQKIQSQQKNAKKQAGQKKKQGHDQKAAAKAALIYTCTVCRTQMPDPKTFKQHFESKHPKTPLPPELADVQA*,AUGGCUCGUGGACAGCAGAAAAUUCAGUCUCAGCAGAAAAAUGCCAAAAAGCAAGCUGGACAAAAGAAGAAACAAGGACAUGACCAAAAGGCUGCUGCCAAAGCUGCCUUAAUAUAUACCUGCACUGUCUGUAGGACACAAAUGCCAGACCCUAAGACCUUCAAGCAGCACUUUGAGAGCAAGCAUCCUAAGACUCCACUUCCUCCAGAAUUAGCUGAUGUUCAGGCAUAA,77,231,"NM_016096 Homo sapiens zinc finger protein 706 (ZNF706), transcript variant 2, mRNA"
MNSVGEACTDMKREYDQCFNRWFAEKFLKGDSSGDPCTDLFKRYQQCVQKAIKEKEIPIEGLEFMGHGKEKPENSS*,AUGAACAGUGUGGGGGAGGCAUGCACGGACAUGAAGCGCGAGUACGACCAGUGCUUCAAUCGCUGGUUCGCCGAGAAAUUUCUCAAGGGGGACAGCUCCGGGGACCCGUGCACCGACCUCUUCAAGCGCUACCAGCAGUGUGUUCAGAAAGCAAUAAAGGAGAAAGAGAUUCCUAUUGAAGGACUGGAGUUCAUGGGCCAUGGCAAAGAAAAGCCUGAAAAUUCUUCUUGA,77,231,"NM_016399 Homo sapiens TP53 regulated inhibitor of apoptosis 1 (TRIAP1), mRNA"
MAPSALLRPLSRLLAPARLPSGPSVRSKFYVREPPNAKPDWLKVGFTLGTTVFLWIYLIKQHNEDILEYKRRNGLE*,AUGGCGCCGUCCGCCUUGCUGCGUCCCCUUUCCCGGCUGCUGGCCCCCGCCAGGCUCCCGAGCGGCCCUUCAGUGCGAUCAAAGUUCUACGUGCGAGAGCCGCCGAAUGCCAAACCUGACUGGCUGAAAGUUGGGUUCACCUUGGGCACCACUGUCUUCUUGUGGAUCUAUCUCAUCAAACAACACAAUGAAGAUAUUUUAGAGUACAAAAGAAGAAAUGGGCUGGAAUAA,77,231,"NM_002494 Homo sapiens NADH:ubiquinone oxidoreductase subunit C1 (NDUFC1), transcript variant 2, mRNA"
MVCIPCIVIPVLLWIYKKFLEPYIYPLVSPFVSRIWPKKAIQESNDTNKGKVNFKGADMNGLPTKGPTEICDKKKD*,AUGGUGUGCAUUCCUUGUAUCGUCAUUCCAGUUCUGCUCUGGAUCUACAAAAAAUUCCUGGAGCCAUAUAUAUACCCUCUGGUUUCCCCCUUCGUUAGUCGUAUAUGGCCUAAGAAAGCAAUACAAGAAUCCAAUGAUACAAACAAAGGCAAAGUAAACUUUAAGGGUGCAGACAUGAAUGGAUUACCAACAAAAGGACCAACAGAAAUCUGUGAUAAAAAGAAAGACUAA,77,231,"NM_001035005 Homo sapiens chromosome 18 open reading frame 32 (C18orf32), transcript variant 2, mRNA"
MSVAFVPDWLRGKAEVNQETIQRLLEENDQLIRCIVEYQNKGRGNECVQYQHVLHRNLIYLATIADASPTSTSKAME*,AUGUCGGUGGCCUUCGUACCGGACUGGCUGAGGGGCAAGGCGGAAGUCAAUCAAGAGACUAUCCAGCGGCUCCUUGAGGAGAAUGACCAGCUGAUCCGCUGUAUUGUGGAGUAUCAGAACAAGGGCCGCGGGAACGAGUGCGUGCAGUACCAGCAUGUGUUACAUAGAAAUCUCAUUUAUUUGGCUACCAUUGCAGAUGCCAGUCCAACCAGCACUUCAAAAGCAAUGGAAUAA,78,234,"NM_016305 Homo sapiens SS18 like 2 (SS18L2), transcript variant 2, mRNA"
MSESELGRKWDRCLADAVVKIGTGFGLGIVFSLTFFKRRMWPLAFGSGMGLGMAYSNCQHDFQAPYLLHGKYVKEQEQ*,AUGUCUGAGUCGGAGCUCGGCAGGAAGUGGGACCGGUGUCUGGCGGAUGCGGUCGUGAAGAUAGGUACUGGUUUUGGAUUAGGAAUUGUUUUCUCACUUACCUUCUUUAAAAGAAGAAUGUGGCCAUUAGCCUUCGGUUCUGGCAUGGGAUUAGGAAUGGCUUAUUCCAACUGUCAGCAUGAUUUCCAGGCUCCAUAUCUUCUACAUGGAAAAUAUGUCAAAGAGCAGGAGCAGUGA,79,237,"NM_001032363 Homo sapiens mitochondrial contact site and cristae organizing system subunit 10 (MICOS10), transcript variant 1, mRNA"
MPVAVGPYGQSQPSCFDRVKMGFVMGCAVGMAAGALFGTFSCLRIGMRGRELMGGIGKTMMQSGGTFGTFMAIGMGIRC*,AUGCCGGUGGCCGUGGGUCCCUACGGACAGUCCCAGCCAAGCUGCUUCGACCGUGUCAAAAUGGGCUUCGUGAUGGGUUGCGCCGUGGGCAUGGCGGCCGGGGCGCUCUUCGGCACCUUUUCCUGUCUCAGGAUCGGAAUGCGGGGUCGAGAGCUGAUGGGCGGCAUUGGGAAAACCAUGAUGCAGAGUGGCGGCACCUUUGGCACAUUCAUGGCCAUUGGGAUGGGCAUCCGAUGCUAA,80,240,"NM_080748 Homo sapiens reactive oxygen species modulator 1 (ROMO1), mRNA"
MHPDLSPHLHTEECNVLINLLKECHKNHNILKFFGYCNDVDRELRKCLKNEYVENRTKSREHGIAMRKKLFNPPEESEK*,AUGCAUCCUGACUUAUCUCCACACUUGCACACUGAAGAAUGCAACGUCUUGAUUAACUUGCUUAAGGAAUGUCACAAAAAUCACAACAUUCUGAAAUUUUUUGGUUAUUGUAAUGAUGUUGAUCGGGAGUUGAGAAAAUGCCUGAAGAAUGAGUACGUAGAAAACAGGACCAAGAGCAGGGAGCAUGGCAUUGCAAUGCGAAAGAAACUUUUUAAUCCUCCAGAGGAAUCCGAAAAAUAA,80,240,"NM_020188 Homo sapiens C-X9-C motif containing 2 (CMC2), transcript variant 1, mRNA"
MELEAMSRYTSPVNPAVFPHLTVVLLAIGMFFTAWFFVYEVTSTKYTRDIYKELLISLVASLFMGFGVLFLLLWVGIYV*,AUGGAGCUCGAGGCCAUGAGCAGAUAUACCAGCCCAGUGAACCCAGCUGUCUUCCCCCAUCUGACCGUGGUGCUUUUGGCCAUUGGCAUGUUCUUCACCGCCUGGUUCUUCGUUUACGAGGUCACCUCUACCAAGUACACUCGUGAUAUCUAUAAAGAGCUCCUCAUCUCCUUAGUGGCCUCACUCUUCAUGGGCUUUGGAGUCCUCUUCCUGCUGCUCUGGGUUGGCAUCUACGUGUGA,80,240,"NM_014206 Homo sapiens transmembrane protein 258 (TMEM258), mRNA"
MSLRKQTPSDFLKQIIGRPVVVKLNSGVDYRGVLACLDGYMNIALEQTEEYVNGQLKNKYGDAFIRGNNVLYISTQKRRM*,AUGAGUCUUCGGAAGCAAACCCCUAGUGACUUCUUAAAGCAAAUCAUCGGACGACCAGUUGUGGUAAAAUUAAAUUCUGGAGUGGAUUAUCGAGGGGUCCUGGCUUGCCUGGAUGGCUACAUGAAUAUAGCCCUGGAGCAGACAGAAGAAUAUGUAAAUGGACAACUGAAGAAUAAGUAUGGGGAUGCAUUUAUCCGAGGAAACAAUGUGUUGUACAUCAGUACACAGAAGAGACGGAUGUGA,81,243,"NM_007080 Homo sapiens LSM6 homolog, U6 small nuclear RNA and mRNA degradation associated (LSM6), mRNA"
MWRAEGKWLPKTSRKSVSQSVFCGTSTYCVLNTVPPIEDDHGNSNSSHVKIFLPKKLLECLPKCSSLPKERHRWNTNERS*,AUGUGGCGCGCGGAGGGGAAAUGGCUGCCGAAAACAAGCCGGAAGAGCGUUUCCCAAAGUGUAUUCUGCGGAACUAGCACCUACUGUGUUCUCAACACCGUGCCACCUAUAGAAGAUGAUCAUGGGAACAGCAAUAGUAGUCAUGUAAAAAUCUUUUUACCGAAAAAGCUGCUUGAAUGUCUGCCGAAAUGUUCAAGUUUACCAAAAGAGAGGCACCGCUGGAACACUAAUGAGAGAUCAUGA,81,243,"NM_001195563 Homo sapiens calmodulin binding transcription activator 1 (CAMTA1), transcript variant 2, mRNA"
MLRQIIGQAKKHPSLIPLFVFIGTGATGATLYLLRLALFNPDVCWDRNNPEPWNKLGPNDQYKFYSVNVDYSKLKKERPDF*,AUGCUCCGCCAGAUCAUCGGUCAGGCCAAGAAGCAUCCGAGCUUGAUCCCCCUCUUUGUAUUUAUUGGAACUGGAGCUACUGGAGCAACACUGUAUCUCUUGCGUCUGGCAUUGUUCAAUCCAGAUGUUUGUUGGGACAGAAAUAACCCAGAGCCCUGGAACAAACUGGGUCCCAAUGAUCAAUACAAGUUCUACUCAGUGAAUGUGGAUUACAGCAAGCUGAAGAAGGAACGUCCAGAUUUCUAA,82,246,"NM_002489 Homo sapiens NDUFA4 mitochondrial complex associated (NDUFA4), mRNA"
MAYHGLTVPLIVMSVFWGFVGFLVPWFIPKGPNRGVIITMLVTCSVCCYLFWLIAILAQLNPLFGPQLKNETIWYLKYHWP*,AUGGCGUAUCACGGCCUCACUGUGCCUCUCAUUGUGAUGAGCGUGUUCUGGGGCUUCGUCGGCUUCUUGGUGCCUUGGUUCAUCCCUAAGGGUCCUAACCGGGGAGUUAUCAUUACCAUGUUGGUGACCUGUUCAGUUUGCUGCUAUCUCUUUUGGCUGAUUGCAAUUCUGGCCCAACUCAACCCUCUCUUUGGACCGCAAUUGAAAAAUGAAACCAUCUGGUAUCUGAAGUAUCAUUGGCCUUGA,82,246,"NM_003945 Homo sapiens ATPase H+ transporting V0 subunit e1 (ATP6V0E1), mRNA"
MLIKVKTLTGKEIEIDIEPTDKVERIKERVEEKEGIPPQQQRLIYSGKQMNDEKTAADYKILGGSVLHLVLALRGGGGLRQ*,AUGCUAAUUAAAGUGAAGACGCUGACCGGAAAGGAGAUUGAGAUUGACAUUGAACCUACAGACAAGGUGGAGCGAAUCAAGGAGCGUGUGGAGGAGAAAGAGGGAAUCCCCCCACAACAGCAGAGGCUCAUCUACAGUGGCAAGCAGAUGAAUGAUGAGAAGACAGCAGCUGAUUACAAGAUUUUAGGUGGUUCAGUCCUUCACCUGGUGUUGGCUCUGAGAGGAGGAGGUGGUCUUAGGCAGUGA,82,246,"NM_006156 Homo sapiens NEDD8 ubiquitin like modifier (NEDD8), mRNA"
MNREGAPGKSPEEMYIQQKVRVLLMLRKMGSNLTASEEEFLRTYAGVVNSQLSQLPPHSIDQGAEDVVMAFSRSETEDRRQ*,AUGAACCGCGAGGGAGCUCCCGGGAAGAGUCCGGAGGAGAUGUACAUUCAGCAGAAGGUCCGAGUGCUGCUCAUGCUGCGGAAGAUGGGAUCAAACCUGACAGCCAGCGAGGAGGAGUUCCUGCGCACCUAUGCAGGGGUGGUCAACAGCCAGCUCAGCCAGCUGCCUCCGCACUCCAUCGACCAGGGUGCAGAGGACGUGGUGAUGGCGUUUUCCAGGUCGGAGACGGAAGACCGGAGGCAGUAG,82,246,"NM_020248 Homo sapiens catenin beta interacting protein 1 (CTNNBIP1), transcript variant 1, mRNA"
MSRSSKVVLGLSVLLTAATVAGVHVKQQWDQQRLRDGVIRDIERQIRKKENIRLLGEQIILTEQLEAEREKMLLAKGSQKS*,AUGUCUAGGAGCUCGAAGGUGGUGCUGGGCCUCUCGGUGCUGCUGACGGCGGCCACAGUGGCCGGCGUACAUGUGAAGCAGCAGUGGGACCAGCAGAGGCUUCGUGACGGAGUUAUCAGAGACAUUGAGAGGCAAAUUCGGAAAAAAGAAAACAUUCGUCUUUUGGGAGAACAGAUUAUUUUGACUGAGCAACUUGAAGCAGAAAGAGAGAAGAUGUUAUUGGCAAAAGGAUCUCAAAAAUCAUGA,82,246,"NM_001164811 Homo sapiens PET117 cytochrome c oxidase chaperone (PET117), mRNA"
MGREFGNLTRMRHVISYSLSPFEQRAYPHVFTKGIPNVLRRIRESFFRVVPQFVVFYLIYTWGTEEFERSKRKNPAAYENDK*,AUGGGCCGCGAGUUUGGGAAUCUGACGCGGAUGCGGCAUGUGAUCAGCUACAGCUUGUCACCGUUCGAGCAGCGCGCCUAUCCGCACGUCUUCACUAAAGGAAUCCCCAAUGUUCUGCGCCGCAUUCGGGAGUCUUUCUUUCGCGUGGUGCCGCAGUUUGUAGUGUUUUAUCUUAUCUACACAUGGGGGACUGAAGAGUUCGAGAGAUCCAAGAGGAAGAAUCCAGCUGCCUAUGAAAAUGACAAAUGA,83,249,"NM_014402 Homo sapiens ubiquinol-cytochrome c reductase complex III subunit VII (UQCRQ), mRNA"
MAFTLYSLLQAALLCVNAIAVLHEERFLKNIGWGTDQGIGGFGEEPGIKSQLMNLIRSVRTVMRVPLIIVNSIAIVLLLLFG*,AUGGCCUUUACCCUGUACUCACUGCUGCAGGCAGCCCUGCUCUGCGUCAACGCCAUCGCAGUGCUGCACGAGGAGCGAUUCCUCAAGAACAUUGGCUGGGGAACAGACCAGGGAAUUGGUGGAUUUGGAGAAGAGCCGGGAAUUAAAUCACAGCUAAUGAACCUUAUUCGAUCUGUAAGAACCGUGAUGAGAGUGCCAUUGAUAAUAGUAAACUCAAUUGCAAUUGUGUUACUUUUAUUAUUUGGAUGA,83,249,"NM_016097 Homo sapiens immediate early response 3 interacting protein 1 (IER3IP1), mRNA"
MAVFHDEVEIEDFQYDEDSETYFYPCPCGDNFSITKEDLENGEDVATCPSCSLIIKVIYDKDQFVCGETVPAPSANKELVKC*,AUGGCAGUGUUUCAUGACGAGGUGGAAAUCGAGGACUUCCAAUAUGACGAGGACUCGGAGACGUAUUUCUAUCCCUGCCCAUGUGGAGAUAACUUCUCCAUCACCAAGGAAGAUUUGGAGAAUGGGGAAGACGUGGCAACGUGUCCUAGCUGCUCUCUCAUUAUAAAAGUGAUUUAUGACAAAGAUCAGUUUGUGUGUGGAGAAACAGUCCCAGCCCCUUCAGCCAACAAAGAAUUAGUUAAAUGCUGA,83,249,"NM_206831 Homo sapiens diphthamide biosynthesis 3 (DPH3), transcript variant 1, mRNA"
MSGPNGDLGMPVEAGAEGEEDGFGEAEYAAINSMLDQINSCLDHLEEKNDHLHARLQELLESNRQTRLEFQQQLGEAPSDASP*,AUGUCGGGCCCCAACGGAGACCUGGGGAUGCCGGUGGAGGCGGGAGCGGAAGGCGAGGAGGACGGCUUCGGGGAAGCAGAAUACGCUGCCAUCAACUCCAUGCUGGACCAGAUCAACUCCUGUCUGGACCACCUGGAGGAGAAGAAUGACCACCUCCACGCCCGCCUCCAGGAGCUGCUGGAGUCCAACCGGCAGACACGCCUGGAGUUCCAGCAGCAGCUCGGGGAGGCCCCCAGUGAUGCCAGCCCCUAG,84,252,"NM_024112 Homo sapiens chromosome 9 open reading frame 16 (C9orf16), mRNA"
MAELGEADEAELQRLVAAEQQKAQFTAQVHHFMELCWDKCVEKPGNRLDSRTENCLSSCVDRFIDTTLAITSRFAQIVQKGGQ*,AUGGCGGAGCUGGGCGAAGCCGAUGAAGCGGAGUUGCAGCGCCUGGUGGCCGCCGAGCAGCAGAAGGCGCAGUUUACUGCACAGGUGCAUCACUUCAUGGAGUUAUGUUGGGAUAAAUGUGUGGAGAAGCCAGGGAAUCGCCUAGACUCUCGCACUGAAAAUUGUCUCUCCAGCUGUGUAGACCGCUUCAUUGACACCACUCUUGCCAUCACCAGUCGGUUUGCCCAGAUUGUACAGAAAGGAGGGCAGUAG,84,252,"NM_012459 Homo sapiens translocase of inner mitochondrial membrane 8 homolog B (TIMM8B), transcript variant 1, mRNA"
MAARVGAFLKNAWDKEPVLVVSFVVGGLAVILPPLSPYFKYSVMINKATPYNYPVPVRDDGNMPDVPSHPQDPQGPSLEWLKKL*,AUGGCUGCGAGAGUCGGCGCCUUCCUCAAGAAUGCCUGGGACAAGGAGCCAGUGCUGGUCGUGUCCUUCGUCGUCGGGGGCCUCGCUGUAAUUCUGCCCCCAUUGAGCCCCUACUUCAAGUACUCCGUCAUGAUCAACAAGGCCACGCCCUACAACUACCCAGUGCCCGUCCGUGAUGAUGGGAACAUGCCCGACGUGCCCAGCCACCCCCAGGACCCUCAGGGCCCCAGCCUGGAGUGGCUGAAGAAACUGUGA,85,255,"NM_004542 Homo sapiens NADH:ubiquinone oxidoreductase subunit A3 (NDUFA3), mRNA"
MPLARDLLHPSLEEEKKKHKKKRLVQSPNSYFMDVKCPGCYKITTVFSHAQTVVLCVGCSTVLCQPTGGKARLTEGCSFRRKQH*,AUGCCUUUGGCUAGAGAUUUACUACAUCCGUCCUUGGAAGAGGAAAAGAAAAAACAUAAAAAGAAACGCCUAGUACAAAGUCCAAAUUCUUACUUUAUGGAUGUAAAAUGUCCAGGUUGCUACAAGAUCACCACGGUUUUCAGCCAUGCUCAGACAGUGGUUCUUUGUGUAGGUUGUUCAACAGUGUUGUGCCAGCCUACAGGAGGAAAGGCCAGACUCACAGAAGGGUGUUCAUUUAGAAGAAAGCAACACUAA,85,255,"NM_015920 Homo sapiens ribosomal protein S27 like (RPS27L), mRNA"
MKVKIKCWNGVATWLWVANDENCGICRMAFNGCCPDCKVPGDDCPLVWGQCSHCFHMHCILKWLHAQQVQQHCPMCRQEWKFKE*,AUGAAGGUGAAGAUUAAGUGCUGGAACGGCGUGGCCACUUGGCUCUGGGUGGCCAACGAUGAGAACUGUGGCAUCUGCAGGAUGGCAUUUAACGGAUGCUGCCCUGACUGCAAGGUGCCCGGCGACGACUGCCCGCUGGUGUGGGGCCAGUGCUCCCACUGCUUCCACAUGCAUUGCAUCCUCAAGUGGCUGCACGCACAGCAGGUGCAGCAGCACUGCCCCAUGUGCCGCCAGGAAUGGAAGUUCAAGGAGUGA,85,255,"NM_016476 Homo sapiens anaphase promoting complex subunit 11 (ANAPC11), transcript variant 2, mRNA"
MEASSEPPLDAKSDVTNQLVDFQWKLGMAVSSDTCRSLKYPYVAVMLKVADHSGQVKTKCFEMTIPQFQNFYRQFKEIAAVIETV*,AUGGAGGCGUCCAGCGAGCCGCCGCUGGAUGCUAAGUCCGAUGUCACCAACCAGCUUGUAGAUUUUCAGUGGAAACUGGGUAUGGCUGUGAGCUCAGACACUUGCAGAUCUCUUAAGUAUCCUUACGUUGCAGUGAUGCUAAAAGUGGCAGAUCAUUCAGGCCAAGUAAAGACCAAGUGCUUUGAAAUGACGAUUCCACAGUUUCAGAAUUUCUACAGACAGUUCAAGGAAAUUGCUGCAGUUAUUGAAACGGUGUGA,86,258,"NM_203495 Homo sapiens COMM domain containing 6 (COMMD6), transcript variant 2, mRNA"
MKDKQKKKKERTWAEAARLVLENYSDAPMTPKQILQVIEAEGLKEMRSGTSPLACLNAMLHSNSRGGEGLFYKLPGRISLFTLKV*,AUGAAGGACAAACAGAAGAAGAAGAAGGAGCGCACGUGGGCCGAGGCCGCGCGCCUGGUAUUAGAAAACUACUCGGAUGCUCCAAUGACACCAAAACAGAUUCUGCAGGUCAUAGAGGCAGAAGGACUAAAGGAAAUGAGAAGUGGGACUUCCCCUCUCGCAUGCCUCAAUGCUAUGCUACAUUCCAAUUCAAGAGGAGGAGAGGGGUUGUUUUAUAAACUGCCUGGCCGAAUCAGCCUUUUCACGCUCAAGGUGUGA,86,258,"NM_001164603 Homo sapiens ASXL transcriptional regulator 1 (ASXL1), transcript variant 2, mRNA"
MTDRYTIHSQLEHLQSKYIGTGHADTTKWEWLVNQHRDSYCSYMGHFDLLNYFAIAENESKARVRFNLMEKMLQPCGPPADKPEEN*,AUGACUGACCGCUACACCAUCCAUAGCCAGCUGGAGCACCUGCAGUCCAAGUACAUCGGCACGGGCCACGCCGACACCACCAAGUGGGAGUGGCUGGUGAACCAACACCGCGACUCGUACUGCUCCUACAUGGGCCACUUCGACCUUCUCAACUACUUCGCCAUUGCGGAGAAUGAGAGCAAAGCGCGAGUCCGCUUCAACUUGAUGGAAAAGAUGCUUCAGCCUUGUGGACCGCCAGCCGACAAGCCCGAGGAGAACUGA,87,261,"NM_031287 Homo sapiens splicing factor 3b subunit 5 (SF3B5), mRNA"
MAEDMETKIKNYKTAPFDSRFPNQNQTRNCWQNYLDFHRCQKAMTAKGGDISVCEWYQRVYQSLCPTSWVTDWDEQRAEGTFPGKI*,AUGGCGGAAGACAUGGAGACCAAAAUCAAGAACUACAAGACCGCCCCUUUUGACAGCCGCUUCCCCAACCAGAACCAGACUAGAAACUGCUGGCAGAACUACCUGGACUUCCACCGCUGUCAGAAGGCAAUGACCGCUAAAGGAGGCGAUAUCUCUGUGUGCGAAUGGUACCAGCGUGUGUACCAGUCCCUCUGCCCCACAUCCUGGGUCACAGACUGGGAUGAGCAACGGGCUGAAGGCACGUUUCCCGGGAAGAUCUGA,87,261,"NM_001863 Homo sapiens cytochrome c oxidase subunit 6B1 (COX6B1), mRNA"
MPQYQTWEEFSRAAEKLYLADPMKARVVLKYRHSDGNLCVKVTDDLVCLVYKTDQAQDVKKIEKFHSQLMRLMVAKEARNVTMETE*,AUGCCGCAGUACCAGACCUGGGAGGAGUUCAGCCGCGCUGCCGAGAAGCUUUACCUCGCUGACCCUAUGAAGGCACGUGUGGUUCUCAAAUAUAGGCAUUCUGAUGGGAACUUGUGUGUUAAAGUAACAGAUGAUUUAGUUUGUUUGGUGUAUAAAACAGACCAAGCUCAAGAUGUAAAGAAGAUUGAGAAAUUCCACAGUCAACUAAUGCGACUUAUGGUAGCCAAGGAAGCCCGCAAUGUUACCAUGGAAACUGAGUGA,87,261,"NM_003133 Homo sapiens signal recognition particle 9 (SRP9), transcript variant 2, mRNA"
MAKHLKFIARTVMVQEGNVESAYRTLNRILTMDGLIEDIKHRRYYEKPCRRRQRESYERCRRIYNMEMARKINFLMRKNRADPWQGC*,AUGGCAAAACAUCUGAAGUUCAUCGCCAGGACUGUGAUGGUACAGGAAGGGAACGUGGAAAGCGCAUACAGGACCCUAAACAGAAUCCUCACUAUGGAUGGGCUCAUUGAGGACAUUAAGCAUCGGCGGUAUUAUGAGAAGCCAUGCCGCCGGCGACAGAGGGAAAGCUAUGAAAGGUGCCGGCGGAUCUACAACAUGGAAAUGGCUCGCAAGAUCAACUUCUUGAUGCGAAAGAAUCGGGCAGAUCCGUGGCAGGGCUGCUGA,88,264,"NM_018997 Homo sapiens mitochondrial ribosomal protein S21 (MRPS21), transcript variant 2, mRNA"
MSTSVPQGHTWTQRVKKDDEEEDPLDQLISRSGCAASHFAVQECMAQHQDWRQCQPQVQAFKDCMSEQQARRQEELQRRQEQAGAHH*,AUGUCAACCUCAGUCCCUCAAGGCCAUACCUGGACCCAACGGGUGAAGAAAGACGAUGAGGAGGAGGACCCGCUGGACCAGCUGAUCUCCCGCUCUGGCUGUGCUGCCUCCCACUUUGCAGUGCAGGAGUGCAUGGCCCAGCACCAGGACUGGCGGCAAUGCCAGCCACAGGUGCAGGCGUUCAAGGAUUGCAUGAGUGAACAGCAGGCGAGGCGGCAAGAGGAGCUGCAGAGGAGGCAAGAACAAGCCGGUGCCCACCACUGA,88,264,"NM_016565 Homo sapiens cytochrome c oxidase assembly factor 4 homolog (COA4), mRNA"
MAAQIPESDQIKQFKEFLGTYNKLTETCFLDCVKDFTTREVKPEETTCSEHCLQKYLKMTQRISMRFQEYHIQQNEALAAKAGLLGQPR*,AUGGCUGCACAAAUACCAGAAUCUGAUCAGAUAAAACAGUUUAAGGAAUUUCUGGGGACCUACAAUAAACUUACAGAGACCUGCUUUUUGGACUGUGUUAAAGACUUCACAACAAGAGAAGUAAAACCUGAAGAGACCACCUGUUCAGAACAUUGCUUACAGAAAUAUUUAAAAAUGACACAAAGAAUAUCCAUGAGAUUUCAGGAAUAUCAUAUUCAGCAGAAUGAAGCCCUGGCAGCCAAAGCAGGACUCCUUGGCCAACCACGAUAG,90,270,"NM_012460 Homo sapiens translocase of inner mitochondrial membrane 9 (TIMM9), transcript variant 1, mRNA"
MSDRKAVIKNADMSEDMQQDAVDCATQAMEKYNIEKDIAAYIKKEFDKKYNPTWHCIVGRNFGSYVTHETKHFIYFYLGQVAILLFKSG*,AUGUCUGACCGGAAGGCAGUGAUCAAGAACGCAGACAUGUCUGAGGACAUGCAACAGGAUGCCGUUGACUGCGCCACGCAGGCCAUGGAGAAGUACAAUAUAGAGAAGGACAUUGCUGCCUAUAUCAAGAAGGAAUUUGACAAGAAAUAUAACCCUACCUGGCAUUGUAUCGUGGGCCGAAAUUUUGGCAGCUACGUCACACACGAGACAAAGCACUUCAUCUAUUUUUACUUGGGUCAAGUUGCAAUCCUCCUCUUCAAGUCAGGCUAG,90,270,"NM_080677 Homo sapiens dynein light chain LC8-type 2 (DYNLL2), mRNA"
MTTSQKHRDFVAEPMGEKPVGSLAGIGEVLGKKLEERGFDKAYVVLGQFLVLKKDEDLFREWLKDTCGANAKQSRDCFGCLREWCDAFL*,AUGACAACCUCCCAAAAGCACCGAGACUUCGUGGCAGAGCCCAUGGGGGAGAAGCCAGUGGGGAGCCUGGCUGGGAUUGGUGAAGUCCUGGGCAAGAAGCUGGAGGAAAGGGGUUUUGACAAGGCCUAUGUUGUCCUUGGCCAGUUUCUGGUGCUAAAGAAAGAUGAAGACCUCUUCCGGGAAUGGCUGAAAGACACUUGUGGCGCCAACGCCAAGCAGUCCCGGGACUGCUUCGGAUGCCUUCGAGAGUGGUGCGACGCCUUCUUGUGA,90,270,"NM_003860 Homo sapiens BAF nuclear assembly factor 1 (BANF1), transcript variant 1, mRNA"
MDPLRAQQLAAELEVEMMADMYNRMTSACHRKCVPPHYKEAELSKGESVCLDRCVSKYLDIHERMGKKLTELSMQDEELMKRVQQSSGPA*,AUGGAUCCUCUCAGGGCCCAACAGCUGGCUGCGGAGCUGGAGGUGGAGAUGAUGGCCGAUAUGUACAACAGAAUGACCAGUGCCUGCCACCGGAAGUGUGUGCCUCCUCACUACAAGGAAGCAGAGCUCUCCAAGGGCGAGUCUGUGUGCCUGGACCGAUGUGUCUCUAAGUACCUGGACAUCCAUGAGCGGAUGGGCAAAAAGUUGACAGAGUUGUCUAUGCAGGAUGAAGAGCUGAUGAAGAGGGUGCAGCAGAGCUCUGGGCCUGCAUGA,91,273,"NM_012456 Homo sapiens translocase of inner mitochondrial membrane 10 (TIMM10), mRNA"
MKMANSLRGEVLKLYKNLLYLGRDYPKGADYFKKRLKNIFLKNKDVKNPEKIKELIAQGEFVMKELEALYFLRKYRAMKQRYYSDTNKTN*,AUGAAAAUGGCCAAUUCUUUAAGAGGAGAAGUACUAAAACUUUAUAAAAAUCUGCUGUAUCUUGGACGAGACUAUCCAAAAGGAGCAGACUAUUUUAAAAAGCGUUUGAAGAACAUUUUCCUUAAAAACAAAGAUGUGAAGAAUCCAGAGAAGAUCAAAGAACUUAUUGCACAGGGCGAAUUUGUAAUGAAAGAGCUAGAAGCUUUGUACUUCCUUAGGAAAUACAGAGCUAUGAAACAACGCUAUUAUUCAGAUACCAACAAAACUAAUUGA,91,273,"NM_001001660 Homo sapiens electron transfer flavoprotein regulatory factor 1 (ETFRF1), mRNA"
MSTAMNFGTKSFQPRPPDKGSFPLDHLGECKSFKEKFMKCLHNNNFENALCRKESKEYLECRMERKLMLQEPLEKLGFGDLTSGKSEAKK*,AUGUCGACCGCCAUGAAUUUCGGGACCAAGAGCUUCCAGCCGCGGCCCCCGGACAAGGGCAGCUUCCCGCUGGAUCACUUAGGUGAAUGUAAAAGCUUUAAAGAGAAAUUCAUGAAGUGUCUUCAUAACAAUAAUUUUGAAAAUGCUUUGUGCAGAAAGGAAUCAAAAGAAUAUUUAGAAUGCAGGAUGGAGAGAAAAUUGAUGCUACAAGAACCAUUGGAGAAACUGGGAUUUGGAGACUUGACUAGUGGAAAAUCAGAGGCAAAAAAAUGA,91,273,"NM_001031617 Homo sapiens cytochrome c oxidase assembly factor COX19 (COX19), mRNA"
MGLEDEQKMLTESGDPEEEEEEEEELVDPLTTVREQCEQLEKCVKARERLELYDEHVSSRSHTEEDCTEELFDFLHAKDHCVAHKLFNNLK*,AUGGGACUGGAGGACGAGCAAAAGAUGCUUACCGAAUCCGGAGAUCCUGAGGAGGAGGAAGAGGAAGAGGAGGAAUUAGUGGAUCCCCUAACAACAGUGAGAGAGCAAUGCGAGCAGUUGGAGAAAUGUGUAAAGGCCCGGGAGCGGCUAGAGCUCUAUGAUGAGCAUGUAUCCUCUCGAUCACAUACAGAAGAGGAUUGCACGGAGGAGCUCUUUGACUUCUUGCAUGCAAAGGACCAUUGCGUGGCCCACAAACUCUUUAACAACUUGAAAUAA,92,276,"NM_001089591 Homo sapiens ubiquinol-cytochrome c reductase hinge protein like (UQCRHL), mRNA"
MAASSRAQVLSLYRAMLRESKRFSAYNYRTYAVRRIRDAFRENKNVKDPVEIQTLVNKAKRDLGVIRRQVHIGQLYSTDKLIIENRDMPRT*,AUGGCAGCCUCCAGUCGCGCACAAGUGUUAUCUCUGUACCGGGCGAUGCUGAGAGAGAGCAAGCGUUUCAGCGCCUACAAUUACAGAACAUAUGCUGUCAGGAGGAUAAGAGAUGCCUUCAGAGAAAAUAAAAAUGUAAAGGAUCCUGUAGAAAUUCAAACCCUAGUGAAUAAAGCCAAGAGAGACCUUGGAGUAAUUCGUCGACAGGUCCACAUUGGCCAACUGUAUUCAACUGACAAGCUGAUCAUUGAGAAUCGAGACAUGCCCAGGACCUAG,92,276,"NM_020408 Homo sapiens LYR motif containing 4 (LYRM4), transcript variant 1, mRNA"
MAANATTNPSQLLPLELVDKCIGSRIHIVMKSDKEIVGTLLGFDDFVNMVLEDVTEFEITPEGRRITKLDQILLNGNNITMLVPGGEGPEV*,AUGGCGGCUAACGCUACUACCAACCCGUCGCAGCUGCUGCCCUUAGAGCUUGUGGACAAAUGUAUAGGAUCAAGAAUUCACAUCGUGAUGAAGAGUGAUAAGGAAAUUGUUGGUACUCUUCUAGGAUUUGAUGACUUUGUCAAUAUGGUACUGGAAGAUGUCACUGAGUUUGAAAUCACACCAGAAGGAAGAAGGAUUACUAAAUUAGAUCAGAUUUUGCUAAAUGGAAAUAAUAUAACAAUGCUGGUUCCUGGAGGAGAAGGACCUGAAGUGUGA,92,276,"NM_012322 Homo sapiens LSM5 homolog, U6 small nuclear RNA and mRNA degradation associated (LSM5), transcript variant 1, mRNA"
MWPVFWTVVRTYAPYVTFPVAFVVGAVGYHLEWFIRGKDPQPVEEEKSISERREDRKLDELLGKDHTQVVSLKDKLEFAPKAVLNRNRPEKN*,AUGUGGCCUGUGUUUUGGACCGUGGUUCGUACCUAUGCUCCUUAUGUCACAUUCCCUGUUGCCUUCGUGGUCGGGGCUGUGGGUUACCACCUGGAAUGGUUCAUCAGGGGAAAGGACCCCCAGCCCGUGGAGGAGGAAAAGAGCAUCUCAGAGCGCCGGGAGGAUCGCAAGCUGGAUGAGCUUCUAGGCAAGGACCACACGCAGGUGGUGAGCCUUAAGGACAAGCUAGAAUUUGCCCCGAAAGCUGUGCUGAACAGAAACCGCCCAGAGAAGAAUUAA,93,279,"NM_138428 Homo sapiens small integral membrane protein 12 (SMIM12), transcript variant 3, mRNA"
MDSLRKMLISVAMLGAGAGVGYALLVIVTPGERRKQEMLKEMPLQDPRSREEAARTQQLLLATLQEAATTQENVAWRKNWMVGGEGGAGGRSP*,AUGGAUUCCUUGCGGAAAAUGCUGAUCUCAGUCGCAAUGCUGGGCGCAGGGGCUGGCGUGGGCUACGCGCUCCUCGUUAUCGUGACCCCGGGAGAGCGGCGGAAGCAGGAAAUGCUAAAGGAGAUGCCACUGCAGGACCCAAGGAGCAGGGAGGAGGCGGCCAGGACCCAGCAGCUAUUGCUGGCCACUCUGCAGGAGGCAGCGACCACGCAGGAGAACGUGGCCUGGAGGAAGAACUGGAUGGUUGGCGGCGAAGGCGGCGCCGGCGGGAGGUCACCGUGA,94,282,"NM_001085372 Homo sapiens ubiquinol-cytochrome c reductase complex assembly factor 3 (UQCC3), mRNA"
MSTDTGVSLPSYEEDQGSKLIRKAKEAPFVPVGIAGFAAIVAYGLYKLKSRGNTKMSIHLIHMRVAAQGFVVGAMTVGMGYSMYREFWAKPKP*,AUGUCAACAGACACAGGUGUUUCCCUUCCUUCAUAUGAGGAAGAUCAGGGAUCAAAACUCAUUCGAAAAGCUAAAGAGGCACCAUUCGUACCCGUUGGAAUAGCGGGUUUUGCAGCAAUUGUUGCAUAUGGAUUAUAUAAACUGAAGAGCAGGGGAAAUACUAAAAUGUCCAUUCAUCUGAUCCACAUGCGUGUGGCAGCCCAAGGCUUUGUUGUAGGAGCAAUGACUGUUGGUAUGGGCUAUUCCAUGUAUCGGGAAUUCUGGGCAAAACCUAAGCCUUAG,94,282,"NM_014056 Homo sapiens HIG1 hypoxia inducible domain family member 1A (HIGD1A), transcript variant 3, mRNA"
MNMFKEAVTFKDVAVAFTEEELGLLGPAQRKLYRDVMVENFRNLLSVGHPPFKQDVSPIERNEQLWIMTTATRRQGNLDTLLVKALLLYDLAQT*,AUGAAUAUGUUCAAGGAAGCAGUGACCUUCAAGGACGUGGCUGUGGCCUUCACGGAGGAGGAAUUGGGGCUGCUGGGCCCUGCCCAGAGGAAGCUGUACCGAGAUGUGAUGGUGGAGAACUUUAGGAACCUGCUGUCAGUGGGGCAUCCACCCUUCAAACAAGAUGUAUCACCUAUAGAAAGAAAUGAGCAGCUUUGGAUAAUGACGACAGCAACCCGAAGACAGGGAAAUUUAGAUACCUUACUUGUAAAAGCUCUUUUGCUCUAUGACCUGGCUCAAACUUAA,95,285,"NM_015919 Homo sapiens zinc finger protein 226 (ZNF226), transcript variant 4, mRNA"
MASVGECPAPVPVKDKKLLEVKLGELPSWILMRDFSPSGIFGAFQRGYYRYYNKYINVKKGSISGITMVLACYVLFSYSFSYKHLKHERLRKYH*,AUGGCGUCAGUUGGUGAGUGUCCGGCCCCAGUACCAGUGAAGGACAAGAAACUUCUGGAGGUCAAACUGGGGGAGCUGCCAAGCUGGAUCUUGAUGCGGGACUUCAGUCCUAGUGGCAUUUUCGGAGCGUUUCAAAGAGGUUACUACCGGUACUACAACAAGUACAUCAAUGUGAAGAAGGGGAGCAUCUCGGGGAUUACCAUGGUGCUGGCAUGCUACGUGCUCUUUAGCUACUCCUUUUCCUACAAGCAUCUCAAGCACGAGCGGCUCCGCAAAUACCACUGA,95,285,"NM_004889 Homo sapiens ATP synthase membrane subunit f (ATP5MF), transcript variant 1, mRNA"
MVYISNGQVLDSRSQSPWRLSLITDFFWGIAEFVVLFFKTLLQQDVKKRRSYGNSSDSRYDDGRGPPGNPPRRMGRINHLRGPSPPPMAGG*GR*,AUGGUUUACAUCUCGAACGGACAAGUGUUGGACAGCCGGAGUCAGUCUCCAUGGAGAUUAUCUUUGAUAACAGAUUUCUUCUGGGGAAUAGCUGAGUUUGUGGUUUUGUUUUUCAAAACUCUGCUUCAGCAAGAUGUGAAAAAAAGAAGAAGCUAUGGAAACUCAUCUGAUUCCAGAUAUGAUGAUGGAAGAGGGCCACCAGGAAACCCUCCCCGAAGAAUGGGUAGAAUCAAUCAUCUGCGUGGCCCUAGUCCCCCUCCAAUGGCUGGUGGAUGAGGAAGGUAA,95,285,"NM_021237 Homo sapiens selenoprotein K (SELENOK), mRNA"
MLFYSFFKSLVGKDVVVELKNDLSICGTLHSVDQYLNIKLTDISVTDPEKYPHMLSVKNCFIRGSVVRYVQLPADEVDTQLLQDAARKEALQQKQ*,AUGCUCUUCUAUUCUUUUUUCAAGUCCCUUGUGGGCAAGGAUGUGGUCGUGGAACUAAAGAAUGACCUGAGCAUCUGUGGAACCCUCCAUUCUGUGGAUCAGUAUCUCAACAUCAAACUAACUGACAUCAGUGUCACAGACCCUGAGAAAUACCCUCACAUGUUAUCAGUGAAGAACUGCUUCAUUCGGGGCUCAGUGGUCCGAUACGUGCAGCUGCCAGCAGAUGAGGUCGACACACAGUUGCUACAGGAUGCGGCAAGGAAGGAAGCCCUGCAGCAGAAACAGUGA,96,288,"NM_021177 Homo sapiens LSM2 homolog, U6 small nuclear RNA and mRNA degradation associated (LSM2), mRNA"
MLGARVAAHLDALGPLVPYVPPPLLPSMFYVGLFFVNVLILYYAFLMEYIVLNVGLVFLPEDMDQALVDLGVLSDPGSGLYDADSELDVFDAYLE*,AUGCUCGGCGCCCGGGUCGCGGCCCACCUGGACGCACUGGGCCCCCUGGUCCCCUACGUGCCGCCGCCGCUGCUGCCCUCUAUGUUCUACGUGGGCCUGUUCUUCGUCAAUGUGCUGAUCCUGUACUACGCCUUCCUCAUGGAGUACAUCGUCCUCAACGUGGGCCUCGUCUUCCUGCCCGAGGACAUGGACCAGGCGCUCGUGGACCUCGGCGUGCUCUCCGACCCCGGCUCGGGCCUUUACGAUGCUGACUCGGAGCUCGACGUCUUUGAUGCGUACUUGGAGUAG,96,288,"NM_014015 Homo sapiens Dexi homolog (DEXI), mRNA"
MEGGFGSDFGGSGSGKLDPGLIMEQVKVQIAVANAQELLQRMTDKCFRKCIGKPGGSLDNSEQKCIAMCMDRYMDAWNTVSRAYNSRLQRERANM*,AUGGAGGGCGGCUUCGGCUCCGAUUUCGGGGGCUCCGGCAGCGGGAAGCUGGACCCAGGGCUCAUAAUGGAGCAGGUGAAAGUGCAGAUCGCCGUGGCCAACGCGCAGGAGCUGCUGCAGAGGAUGACGGACAAGUGUUUCCGGAAGUGUAUAGGGAAACCUGGGGGCUCCCUGGACAACUCCGAGCAGAAGUGCAUCGCCAUGUGCAUGGACCGCUACAUGGACGCCUGGAACACCGUGUCUCGCGCCUACAACUCGCGGCUGCAGCGGGAACGAGCCAACAUGUGA,96,288,"NM_012458 Homo sapiens translocase of inner mitochondrial membrane 13 (TIMM13), mRNA"
MTSALENYINRTVAVITSDGRMIVGTLKGFDQTINLILDESHERVFSSSQGVEQVVLGLYIVRGDNVAVIGEIDEETDSALDLGNIRAEPLNSVAH*,AUGACGUCCGCUUUGGAGAACUACAUCAACCGAACUGUUGCCGUUAUUACAUCAGAUGGGAGAAUGAUUGUGGGAACACUGAAAGGUUUUGACCAGACCAUUAAUUUGAUUUUGGAUGAAAGCCAUGAACGAGUAUUCAGCUCUUCACAGGGGGUAGAACAAGUGGUACUAGGAUUAUACAUUGUAAGAGGUGACAACGUUGCAGUCAUUGGAGAAAUCGAUGAAGAAACAGAUUCUGCGCUUGAUUUGGGGAAUAUUCGAGCAGAACCUUUAAAUUCUGUAGCACACUGA,97,291,"NM_016200 Homo sapiens LSM8 homolog, U6 small nuclear RNA associated (LSM8), mRNA"
MAEVEETLKRLQSQKGVQGIIVVNTEGIPIKSTMDNPTTTQYASLMHSFILKARSTVRDIDPQNDLTFLRIRSKKNEIMVAPDKDYFLIVIQNPTE*,AUGGCAGAGGUGGAGGAGACACUGAAGCGACUGCAGAGCCAGAAGGGAGUGCAGGGAAUCAUCGUCGUGAACACAGAAGGCAUUCCCAUCAAGAGCACCAUGGACAACCCCACCACCACCCAGUAUGCCAGCCUCAUGCACAGCUUCAUCCUGAAGGCACGGAGCACCGUGCGUGACAUCGACCCCCAGAACGAUCUCACCUUCCUUCGAAUUCGCUCCAAGAAAAAUGAAAUUAUGGUUGCACCAGAUAAAGACUAUUUCCUGAUUGUGAUUCAGAAUCCAACCGAAUAA,97,291,"NM_014183 Homo sapiens dynein light chain roadblock-type 1 (DYNLRB1), transcript variant 1, mRNA"
MPGPTPSGTNVGSSGRSPSKAVAARAAGSTVRQRKNASCGTRSAGRTTSAGTGGMWRFYTEDSPGLKVGPVPVLVMSLLFIASVFMLHIWGKYTRS*,AUGCCUGGUCCGACCCCCAGUGGCACUAACGUGGGAUCCUCAGGGCGCUCUCCCAGCAAAGCAGUGGCCGCCCGGGCGGCGGGAUCCACUGUCCGGCAGAGGAAAAAUGCCAGCUGUGGGACAAGGAGUGCAGGCCGCACAACCUCGGCAGGCACCGGGGGGAUGUGGCGAUUCUACACAGAAGAUUCACCUGGGCUCAAAGUUGGCCCUGUUCCAGUAUUGGUUAUGAGUCUUCUGUUCAUCGCUUCUGUAUUUAUGUUGCACAUUUGGGGCAAGUACACUCGUUCGUAG,97,291,"NM_006808 Homo sapiens SEC61 translocon beta subunit (SEC61B), mRNA"
MSSAPEPPTFKKEPPKEKEFQSPGLRGVRTTTLFRAVNPELFIKPNKPVMAFGLVTLSLCVAYIGYLHAIQENKKDLYEAIDSEGHSYMRRKTSKWD*,AUGUCUUCAGCACCUGAGCCUCCAACAUUCAAAAAGGAACCACCCAAAGAGAAAGAGUUUCAAAGCCCAGGGCUCAGAGGGGUGCGCACAACAACCUUAUUUCGUGCUGUGAAUCCAGAGCUCUUCAUUAAACCUAACAAACCUGUAAUGGCUUUCGGAUUGGUAACUCUUUCACUUUGCGUGGCAUAUAUUGGUUAUCUACAUGCAAUACAAGAGAAUAAAAAGGACCUCUAUGAAGCUAUUGAUAGUGAGGGGCACAGUUAUAUGAGGCGGAAAACAUCCAAAUGGGAUUAG,98,294,"NM_020425 Homo sapiens small integral membrane protein 8 (SMIM8), transcript variant 2, mRNA"
MHQTRTGKKTVRMPSVTQRLRDPDINPCLSESDASTRCLDENNYDRERCSTYFLRYKNCRRFWNSIVMQRRKNGVKPFMPTAAERDEILRAVGNMPY*,AUGCACCAAACUCGAACUGGUAAGAAGACUGUUAGAAUGCCCUCGGUAACACAGAGGCUGAGAGAUCCUGACAUAAAUCCUUGUUUGUCGGAAUCUGAUGCUUCCACCAGAUGUCUGGAUGAAAAUAACUAUGACAGGGAAAGGUGUUCCACUUACUUCUUGAGGUACAAAAACUGCCGGAGAUUCUGGAAUUCUAUCGUGAUGCAGAGAAGAAAGAACGGAGUGAAGCCAUUUAUGCCUACGGCAGCAGAAAGAGAUGAAAUCUUGAGAGCAGUGGGAAAUAUGCCCUAUUGA,98,294,"NM_024300 Homo sapiens coiled-coil-helix-coiled-coil-helix domain containing 7 (CHCHD7), transcript variant 4, mRNA"
MEEISLANLDTNKLEAIAQEIYVDLIEDSCLGFCFEVHRAVKCGYFYLEFAETGSVKDFGIQPVEDKGACRLPLCSLPGEPGNGPDQQLQRSPPEFQ*,AUGGAGGAAAUUUCGUUGGCCAACCUGGAUACUAACAAGCUAGAGGCCAUCGCUCAGGAGAUUUACGUAGACCUGAUAGAGGAUUCUUGUUUGGGAUUCUGCUUUGAGGUGCACCGGGCAGUCAAGUGUGGCUACUUCUACCUGGAGUUCGCAGAGACUGGUAGCGUGAAGGAUUUUGGCAUUCAGCCAGUGGAAGACAAAGGAGCGUGCCGCCUCCCGCUUUGCUCCCUUCCCGGAGAACCUGGGAAUGGGCCUGAUCAGCAGCUGCAGCGCUCACCUCCGGAAUUCCAGUAG,98,294,"NM_001136262 Homo sapiens ataxin 7 like 3B (ATXN7L3B), mRNA"
MMCGAPSATQPATAETQHIADQVRSQLEEKENKKFPVFKAVSFKSQVVAGTNYFIKVHVGDEDFVHLRVFQSLPHENKPLTLSNYQTNKAKHDELTYF*,AUGAUGUGCGGGGCGCCCUCCGCCACGCAGCCGGCCACCGCCGAGACCCAGCACAUCGCCGACCAGGUGAGGUCCCAGCUUGAAGAGAAAGAAAACAAGAAGUUCCCUGUGUUUAAGGCCGUGUCAUUCAAGAGCCAGGUGGUCGCGGGGACAAACUACUUCAUCAAGGUGCACGUCGGCGACGAGGACUUCGUACACCUGCGAGUGUUCCAAUCUCUCCCUCAUGAAAACAAGCCCUUGACCUUAUCUAACUACCAGACCAACAAAGCCAAGCAUGAUGAGCUGACCUAUUUCUGA,99,297,"NM_000100 Homo sapiens cystatin B (CSTB), mRNA"
MLSRLQELRKEEETLLRLKAALHDQLNRLKVEELALQSMISSRRGDEMLSSHTVPEQSHDMLVHVDNEASINQTTLELSTKSHVTEEEEEEEEEESDS*,AUGCUGAGCCGGCUUCAGGAACUGCGCAAGGAGGAGGAGACGCUGCUGCGGUUGAAGGCAGCCCUGCACGACCAGCUGAACCGCCUCAAGGUUGAAGAAUUAGCCCUCCAAUCAAUGAUCAGUUCUAGAAGAGGGGAUGAGAUGCUGUCUUCUCACACUGUACCUGAACAGUCACAUGAUAUGUUGGUGCAUGUAGACAAUGAAGCAUCAAUCAACCAAACAACCCUGGAGCUGAGCACAAAGAGUCAUGUGACGGAAGAGGAGGAGGAGGAAGAGGAAGAAGAAUCAGAUUCCUAA,99,297,"NM_006049 Homo sapiens small nuclear RNA activating complex polypeptide 5 (SNAPC5), transcript variant 1, mRNA"
MAHEHGHEHGHHKMELPDYRQWKIEGTPLETIQKKLAAKGLRDPWGRNEAWRYMGGFAKSVSFSDVFFKGFKWGFAAFVVAVGAEYYLESLNKDKKHH*,AUGGCCCAUGAACAUGGACAUGAGCAUGGACAUCAUAAAAUGGAACUUCCAGAUUAUAGACAAUGGAAGAUAGAAGGGACACCAUUAGAAACUAUCCAGAAGAAGCUGGCUGCAAAAGGGCUAAGGGAUCCAUGGGGCCGCAAUGAAGCUUGGAGAUACAUGGGUGGCUUUGCAAAGAGUGUUUCCUUUUCUGAUGUAUUCUUUAAAGGAUUCAAAUGGGGAUUUGCUGCAUUUGUGGUAGCUGUAGGAGCUGAAUAUUACCUGGAGUCCCUGAAUAAAGAUAAGAAGCAUCACUGA,99,297,"NM_002491 Homo sapiens NADH:ubiquinone oxidoreductase subunit B3 (NDUFB3), transcript variant 1, mRNA"
MPKRKSPENTEGKDGSKVTKQEPTRRSARLSAKPAPPKPEPKPRKTSAKKEPGAKISRGAKGKKEEKQEAGKEGTAPSENGETKAEEAQKTESVDNEGE*,AUGCCGAAGAGAAAGUCUCCAGAGAAUACAGAGGGCAAAGAUGGAUCCAAAGUAACUAAACAGGAGCCCACAAGACGGUCUGCCAGAUUGUCAGCGAAACCUGCUCCACCAAAACCUGAACCCAAACCAAGAAAAACAUCUGCUAAGAAAGAACCUGGAGCAAAGAUUAGCAGAGGUGCUAAAGGGAAGAAGGAGGAAAAGCAGGAAGCUGGAAAGGAAGGUACUGCACCAUCUGAAAAUGGUGAAACUAAAGCUGAAGAGGCACAGAAAACUGAAUCUGUAGAUAACGAGGGAGAAUGA,100,300,"NM_004242 Homo sapiens high mobility group nucleosomal binding domain 3 (HMGN3), transcript variant 1, mRNA"
MAAAAASRGVGAKLGLREIRIHLCQRSPGSQGVRDFIEKRYVELKKANPDLPILIRECSDVQPKLWARYAFGQETNVPLNNFSADQVTRALENVLSGKA*,AUGGCGGCGGCCGCAGCAAGUCGAGGAGUCGGGGCAAAGCUGGGCCUGCGUGAGAUUCGCAUCCACUUAUGUCAGCGCUCGCCCGGCAGCCAGGGCGUCAGGGACUUCAUUGAGAAACGCUACGUGGAGCUGAAGAAGGCGAAUCCCGACCUACCCAUCCUAAUCCGCGAAUGCUCCGAUGUGCAGCCCAAGCUCUGGGCCCGCUACGCAUUUGGCCAAGAGACGAAUGUCCCUUUGAACAACUUCAGUGCUGAUCAGGUAACCAGAGCCCUGGAGAACGUUCUAAGUGGUAAAGCCUGA,100,300,"NM_002488 Homo sapiens NADH:ubiquinone oxidoreductase subunit A2 (NDUFA2), transcript variant 1, mRNA"
MAQGQRKFQAHKPAKSKTAAAASEKNRGPRKGGRVIAPKKARVVQQQKLKKNLEVGIRKKIEHDVVMKASSSLPKKLALLKAPAKKKGAAAATSSKTPS*,AUGGCGCAGGGGCAGCGCAAGUUUCAGGCGCACAAACCCGCAAAGAGUAAGACGGCAGCGGCAGCCUCUGAAAAGAAUCGGGGCCCAAGAAAAGGCGGUCGUGUUAUCGCUCCCAAGAAGGCGCGCGUCGUGCAGCAGCAAAAGCUCAAGAAGAACCUAGAAGUCGGAAUCCGGAAGAAGAUCGAACAUGACGUGGUGAUGAAAGCCAGCAGCAGCCUGCCCAAGAAGCUGGCACUGCUGAAGGCCCCAGCCAAGAAGAAAGGGGCAGCUGCCGCCACCUCCUCCAAGACACCUUCCUGA,100,300,"NM_014047 Homo sapiens chromosome 19 open reading frame 53 (C19orf53), mRNA"
MTSALTQGLERIPDQLGYLVLSEGAVLASSGDLENDEQAASAISELVSTACGFRLHRGMNVPFKRLSVVFGEHTLLVTVSGQRVFVVKRQNRGREPIDV*,AUGACUUCUGCGCUGACCCAGGGGCUGGAGCGAAUCCCAGACCAGCUCGGCUACCUGGUACUGAGUGAAGGUGCAGUGCUGGCGUCAUCUGGGGACCUGGAGAAUGAUGAGCAGGCAGCCAGUGCCAUCUCUGAGCUGGUCAGCACAGCCUGCGGUUUCCGGCUGCACCGCGGCAUGAAUGUGCCCUUCAAGCGCCUGUCUGUGGUCUUUGGAGAACACACACUGCUGGUGACGGUGUCAGGACAGAGGGUGUUUGUGGUGAAGAGGCAGAACCGAGGUCGGGAGCCCAUUGAUGUCUGA,100,300,"NM_001008395 Homo sapiens late endosomal/lysosomal adaptor, MAPK and MTOR activator 4 (LAMTOR4), transcript variant 1, mRNA"
MEPEQMLEGQTQVAENPHSEYGLTDNVERIVENEKINAEKSSKQKVDLQSLPTRAYLDQTVVPILLQGLAVLAKERPPNPIEFLASYLLKNKAQFEDRN*,AUGGAGCCAGAGCAGAUGCUGGAGGGACAAACGCAGGUUGCAGAAAAUCCUCACUCUGAGUACGGUCUCACAGACAACGUUGAGAGAAUAGUAGAAAAUGAGAAGAUUAAUGCAGAAAAGUCAUCAAAGCAGAAGGUAGAUCUCCAGUCUUUGCCAACUCGUGCCUACCUGGAUCAGACAGUUGUGCCUAUCUUAUUACAGGGACUUGCUGUGCUUGCAAAGGAAAGACCACCAAAUCCCAUUGAAUUUCUAGCAUCUUAUCUUUUAAAAAACAAGGCACAGUUUGAAGAUCGAAACUGA,100,300,"NM_032574 Homo sapiens dpy-30 histone methyltransferase complex regulatory subunit (DPY30), transcript variant 1, mRNA"
